,ss
/net/scratch/basantab/natives_renum/d1gy6a__0001.pdb,LLLHHHHHHHHHHHHHHHHHHHLHHHHHHHEEEEEEEEELLEEEELHHHHHHHHHLLLLLLEEEEEEEEEEEELLLLLEEEEEEEEEEELLLLLEEEEEEEEEEELLLLEEEEEEEEEELLLLLL
/net/scratch/basantab/natives_renum/d1gy7a__0001.pdb,LHHHHHHHHHHHHHHHHHHHHHHHHHHEEEEEEEEELLEEEELHHHHHHHHHLLLLLLEEEEEEEEEEEELLLLLLEEEEEEEEEEELLLLLLEEEEEEEEEEEELLEEEEEEEEEEEELL
/net/scratch/basantab/natives_renum/d1hkxa__0001.pdb,LLLLLLHHHHHHHHHHHHHHHHHHHHHHLLLHHHHHHLEEEEEEEELHHHLLLLEELLHHHHHHHHLLLHHHLLLEEEEEEEEEEEELLLLEEEEEEEEEEEEEELLLEEEEEEEEEEEEEEEELLEEEEEEEEEELLLL
/net/scratch/basantab/natives_renum/d1idpa__0001.pdb,LLLLHHHHHHHHHHHHHHHHHHHLLLHHHHHHHEEEEEEEELHHHHLLEEEEEEHHHHHHHHLLLLLLLLLLEEELLEEEEEEEEEEELLEEEEEEEEEEEEEEELLLLLLLEEEEEEEEEEEEEEEEEELLEEEEEEEEEEEEEEL
/net/scratch/basantab/natives_renum/d1m98a2_0001.pdb,LLLLLLLLHHHLLLLLEELELLHHHHHHHHHHHLLLHHHHHHHEEEEEEEELLLLLLEELHHHHHHHHHHHLLLLEEEEEEEEEEELHHHLEEEEEEEEEELLLLHHHLLEEEEEEEEELLLLLEEEEEEEELLLHHHHHLL
/net/scratch/basantab/natives_renum/d1nwwa__0001.pdb,LLLLLLLLLLLLLLLLLLHHHHHHHHHHHHHHHLLHHHHHHHEEEEEEEEELLLLLEELHHHHHHHHHHHHHHEEEEEEEEEEEEEELLEEEEEEEEEEEELLLLLEEEEEEEEEEEEELLEEEEEEEELLHHHHHHHLLLLLLL
/net/scratch/basantab/natives_renum/d1of5a__0001.pdb,LLLLLLLLLLLHHHHHHHHHHHHHHHHLHHHHHHHEEEEEEEELLELLLLLLHHHHHHHHHHLLLEEELLLLLHHHLEEEEEEEHHHLEEEEEEEEEEEELLLLLLEEEEEEEEEEEEEELLEEEEEEEEEEEELLLLLLLLLLLLLLEEEEEL
/net/scratch/basantab/natives_renum/d1oh0a__0001.pdb,LLLHHHHHHHHHHHHHHHHLLLHHHHHHHEEEEEEEELLLLLLLEELHHHHHHHHHHHHLLLLLEEEELLLLEELLLLEEEEEEEEEEEELLEEEEEEEEEEEEELLLLLEEEEEEELLHHHEEL
/net/scratch/basantab/natives_renum/d1ohpa__0001.pdb,LLLHHHHHHHHHHHHHHHHHLLHHHHHHHEEEEEEEELLLLLLLEELHHHHHHHHHHHLLLLLEEEELLLLEEELLEEEEEEEEEEEELLEEEEELLEEEEEELLLLLEEEEEEELLHHHEEELL
/net/scratch/basantab/natives_renum/d1q40b__0001.pdb,LHHHHHHHHHHHHHHHHHLHHHHHHHEEEEEEEEEEELLLLLLLLLLLLLLLLLLHHHLLLLLLLLLHHHHHHLLEEHHHHHHHHHHHLLEEELLLLLLHHHLEEEEEELLLLLLEEEEEEEEEEEEELLLLLLLLLLLLLLLLLLLLLLLLEEEEEEEEEELLLLEEEEEEEEEEELLLLLLLLL
/net/scratch/basantab/natives_renum/d1s5aa__0001.pdb,LLHHHHHHHHHHHHHHHHHLLLHHHHHHHEEEEEEEELLLLLLLLLLEEELHHHHHHHHLLHHHLEEEEEELLLEEEELLLLLEEEEEEEEEEEELLLLLEELLEEEEEEEEELLEEEEEEEEELHHHHHHHLLLLLLL
/net/scratch/basantab/natives_renum/d1sjwa__0001.pdb,LHHHHHHHHHHHHHHHLLLLLHHHLEEEEEELLLLHHHLLLELHHHHHHHHHHHHHHHLLLLEEEEEEEEEELLEEEEEEEEEEELLLLELLELLLLLEEEEEEEEEEEEELLEEEEEEEEELHHHHHHHLLLLLLLLLLLL
/net/scratch/basantab/natives_renum/d1tp6a__0001.pdb,LHHHHHHHHHHHHHHHHHHLLLLLLHHHHHHHHEEEEEEEELLLLLEEEHHHHHHHHHHHLLLLLLLEEEEEEEEEEEEELLEEEEEEEEEEEELLEEEEEEEEEEEEELLLLLEEEEEEEEEEEL
/net/scratch/basantab/natives_renum/d1z1sa1_0001.pdb,LLHHHHHHHHHHHHHLLLHHHHHHHEEEEEEEELLLLLLLLLLEEELHHHHHHHLLLHHHHEEEEELLLEEELLLLLLEEEEEEEEEEEELLLLLEEEEEEEEEEEEELLEEEEEEEEELHHHHHHHHL
/net/scratch/basantab/natives_renum/d2a15a1_0001.pdb,LLLHHHHHHHHHHHHHHLLLHHHHHHHEEEEEEEELLLLLELLELLLLLEELHHHHHHHHHHHHHLLLLEEEEEEEEELLLLLEEEEEEEEEEEELLLEEEEEEEEEEEEELLLLLEEEEEEELLHHHLEEL
/net/scratch/basantab/natives_renum/d2bnga1_0001.pdb,LHHHHHHHHHHHHHHHHLLLHHHHHHHEEEEEEEEELLLEEEELHHHHHHHHHHHLLLLEEEEEEEEEEEELLEEEEEEEEEEEELLEEEEEEEEEEEEEELLEEEEEEEELLHHHHHHHHHHHHHHLLLLL
/net/scratch/basantab/natives_renum/d2cc3a1_0001.pdb,LHHHHHHHHHHHHHHHHHHLELLLLHHHHHHHHHHLELHHHHHHHHHHHLLLLLLLHHHHLLLLEEEEEEEEEEEEEELLEEEEEEEEEEEELLLLLEEEEEEEEEEEEELLLLLHHHHLLLLLLEEEEEEEEEELLLLL
/net/scratch/basantab/natives_renum/d2chca1_0001.pdb,LLHHHHHHHHHHHHHHHHHHHHHHHHHLLHHHHHHHEEEEEEEEELLEEEELHHHHHHHHHHHHHHLLLLEEEEEEEEEEELLEEEEEEEEEEEEEELLEEEEEEEEEEEEEEEEELLEEEEEEEEEEELLLLLLLLLLHHHLLHHHHHHHHHHHHHHHHHLEELLL
/net/scratch/basantab/natives_renum/d2cw9a1_0001.pdb,LHHHHHHHHHHHHHHHHLLLLLHHHHHHHHHHHHHHHLLLLLHHHHHHHHHHHHHHHHHHHHHLLLHHHHHHHELHHHHHHHHHHHHHHHHHLLEELLEEEEEEEEEEEEEEEELLEEEEEEEEEEEEELEEELLLLLEEEELLLLLEEEEEEEEEEELLLLLLLLLLEEEEEEEEEELLLL
/net/scratch/basantab/natives_renum/d2f86b1_0001.pdb,LHHHHHHHHHHHHHHHHHHHHHHLLLHHHHHHHEEEEEEEELHHHLLLLEELLHHHHHHLLLLLLLLEEEEEEEEEEEELLLLEEEEEEEEEEEEELLLLLEEEEEEEEEEEEEEEHHEEEEEEEEEEL
/net/scratch/basantab/natives_renum/d2f99a__0001.pdb,LLHHHHHHHHHHHHHHHLLLLLHHHLEEEEEELHHHLLLLLLLHHHHHHHHHHHHHHHLLLLLEEEEEEEEEELLEEEEEEEEEEELLLLELLELLLLLEEEEEEEEEEEEELLEEEEEEEEELHHHHHHHLLLLLLLLLL
/net/scratch/basantab/natives_renum/d2gexa1_0001.pdb,LHHHHHHHHHHHHHHHHHLLHHHHHHHEEEEEEEELLLLLEELHHHHHHHHHHHHHHLLLLEEEEEEEEEELLEEEEEEEEEEELLLLELLELLLLLEEEEEEEEEEEELLLLLEEEEEEEEELHHHHHHHLLLLLLL
/net/scratch/basantab/natives_renum/d2geya1_0001.pdb,LHHHHHHHHHHHHHHHHLLLLHHHHHHEEEEEEEEELLEEELHHHHHHHHHHHHHHLLLLEEEEEEEEEELLEEEEEEEEEEELLLLELLELLLLLEEEEEEEEEEEEELLEEEEEEEEEELHHHHHHLLLLLLLLHHHHHHHL
/net/scratch/basantab/natives_renum/d2gxfa1_0001.pdb,LHHHHHHHHHHHHHHHHLLLHHHHHHHEEEEEEEEEELLEEEEHHHHHHHHHHHLLLLLLLLLLLEEEEEEEEELLLEEEEEEEEELLLEEEEEEEEEELLLLLEEEEEEELLHHHHLL
/net/scratch/basantab/natives_renum/d2i9wa1_0001.pdb,LLLLLLHHHHHHHHHHHHHLLLHHHHHHLELHHHHHHLLHHHHHHHHHHLLEEEEEEEEEEEEEELLEEEEEEEEEEEELLEEEEEEEEEEEEEEELLLLLLEEEEELLLLLL
/net/scratch/basantab/natives_renum/d2k54a1_0001.pdb,LLHHHHHHHHHHHHHHHHLLHHHHHHLEEEEEEEEELLLEEEELLHHHHHHHHHHHHHLLLLEEEEEEEEEELLEEEEEEEEELLELLELLEEEEEEEEEEELLEEEEEEEEEEEEELHHHLL
/net/scratch/basantab/natives_renum/d2owpa1_0001.pdb,LLELLHHHHHHHHHHHHHHHHHHHLLLHHHHHHLELLLLLLEEELLLLEEELHHHHHHHHHHLLLLLLLLEEEEEEEEEELLLEEEEEEEEEELLEEEEEEEEEEEEELLLLLLEEEEEEEEEEELLL
/net/scratch/basantab/natives_renum/d2r4ia1_0001.pdb,LLHHHHHLHHHHHHHHHHHLLLHHHHHHHEEEEEEEELLLLLEEEHHHHHHHHHLLLEEEEEEEEEEEEEEEELLEEEEEEEEEEEEEELLEEEEEEEEEEEEEEEELLEEEEEEEEEEELL
/net/scratch/basantab/natives_renum/d2rcda1_0001.pdb,LLHHHELLHHHHHHHHHHHHHHHHHHHLLLHHHHHHHELLLLLLEEELLLLEEELHHHHHHHHHHLLLLLLLLEEEEEEEEEELLLEEEEEEEEELLLLLLLEEEEEEEEEELLEEEEEEEEEEELL
/net/scratch/basantab/natives_renum/d2rfra1_0001.pdb,LLLHHHHHHHHHHHHHHHHHHHHHHLHHHHHHLLLHHHHHHHEEEEEEEEELLLLLEELHHHHHHHHLLHHHHHHHHHLEEEEELLLEEEEELLEEEEEEEEEEEEEELLEEEEEEEEEEEEEEEEELLEEEEEEEEEEELLLLHHHHHHHLL
/net/scratch/basantab/natives_renum/d2rgqa1_0001.pdb,LELLHHHHHHHHHHHHHHHHHHHLLLHHHHHHHEEEEEEEEELLEEEELHHHHHHHHHHHHHHHHLLEEEEEEEEEEEEELLEEEEEEEEEEEELLLLLEEEEEEEEEEEEEELLEEEEEEEEEEELLLLLLL
/net/scratch/basantab/natives_renum/d2ux0a1_0001.pdb,LHHHHHHHHHHHHHHHHHHHHHHHHLLLHHHHHHHEEEEEEEELHHHLLLEEEHHHHLHHHHHHHHLLLLLLEEEEEEEEEEEELLLLEEEEEEEEEEEEELLLLLEEEEEEEEEEEEEEELLEEEEEEEEEELL
/net/scratch/basantab/natives_renum/d2w2ca__0001.pdb,LHHHHHHHHHHHHHHHHHHHHHHHLLLHHHHHHHEEEEEEEELHHHLLLLEELLHHHHHHHLLLLLEEEEEEEEEEEELLLLEEEEEEEEEEEEELLLLLEEEEEEEEEEEEEEELLEEEEEEEEEEL
/net/scratch/basantab/natives_renum/d3b7ca1_0001.pdb,LHHHHHHHHHHHHHHHHHLLLHHHHHHHELLLLLLEEELLLLEEELHHHHHHHHHHHLLLHHHLLEEEEEEEEEEEEELLEEEEEEEEEEELLLLLLEEEEEEEEEEELLEEEEEEEEEEL
/net/scratch/basantab/natives_renum/d3bb9a1_0001.pdb,LLLHHHHHHHHHHHHHHHLLHHHHHHHEEEEEEEEELLEEELLHHHHHHHHHHHHHHHHHHEEEEEEEEEEEEELLEEEEEEEEEEEELLLLEEEEEEEEEEEEELLLLLEEEEEEEEL
/net/scratch/basantab/natives_renum/d3blza1_0001.pdb,LLLHHHHHHHHHHHHHHHHHHHHLLLHHHHHHHEEEEEEEEEELLLLLEEEEEHHHHHHHHHHLLLLLLLLEEEEEEEEEELLEEEEEEEEEEELLEEEEEEEEEEEELLEEEEEEEEEEELLL
/net/scratch/basantab/natives_renum/d3cnxa1_0001.pdb,LHHHHHHHHHHHHHHHHHHHHLLLHHHHHHHELLHHHLLLLLLLLLLEEELLLLLLEEHHHHHHHHHHHHHHLLLEEEEEEEEEEEEEELLEEEEEEEEEEEEELLLLEEEEEEEEEEEEEELLEEEEEEEEEEELLL
/net/scratch/basantab/natives_renum/d3cu3a1_0001.pdb,LLHHHHHHHHHHHHHHHHHHHLLLHHHHHLLEEEEEEEELLLLLEEELHHHHHHHHHHHHLLLLLLLEEEEEEEEEEEEELLEEEEEEEEEEELLLLLLELHHHLELLEEEEEEELLEEEEEEEELLELLLHHHHHHHHHHHLLLHHHHHHHHHHHHHHLLL
/net/scratch/basantab/natives_renum/d3d9ra1_0001.pdb,LLLLLHHHHHHHHHHHHHHHHHLLLHHHHHHHEEEEEEEEELLEEEEELHHHHHHHHHHHHHHEEEEEEEEEEEEEEEELLEEEEEEEEEEEEEELLLLLEEEEEEEEEEEEEELLLLLEEEEEEEEEEEEL
/net/scratch/basantab/natives_renum/d3dm8a1_0001.pdb,LLLLHHHHHHHHHHHHHHHLLLHHHHHHEEEEEEEEEELLLLLLLLLEEEELHHHHHHHHHHHHHHEEEEEEEEEEEEELLLEEEEEEEEEEEELLLLLEEEEEEEEEEEEELLEEEEEEEEELHHHHHHHHHLL
/net/scratch/basantab/natives_renum/d3dmca1_0001.pdb,LLLLLLLHHHHHHHHHHHHHHHHHHHLLLHHHHHHEEEEEEEEELLHHHLEEEELHHHHHHHHHHHHHLLLLLEEEEEEEEEEELLLEEEEEEEEEEEELLEEEEEEEEEEEEEELLEEEEEEEEELLLLELL
/net/scratch/basantab/natives_renum/d3duka__0001.pdb,LLLLLLLHHHHHHHHHHHHHHHHHHHHLLHHHHHHHEEEEEEEEEEELLEEEEEEEHHHHHHHHHHHLLLLLLEEEEEEEEEELLEEEEEEEEEEELLEEEEEEEEEEEELLEEEEEEEEEEELL
/net/scratch/basantab/natives_renum/d3dxoa1_0001.pdb,LHHHHHHHHHHHHHHHLLLHHHHHHHHHHHEEEEEEEELLLLEEELHHHHHHHHHHHHHHLLLLEEEEEEEEEEELLEEEEEEEEELLLLLEEEEEEEEEEELLLLLEEEEEEEEEL
/net/scratch/basantab/natives_renum/d3ebta1_0001.pdb,LLHHHHHHHHHHHHHHLLLHHHHHHHEEEEEEEEELHHHHHHLLLEEEELHHHHHHHHHHHHHLEEEEEEEEEEEEEELLEEEEEEEEEEEELLLLEEEEEEEEEEEEELLEEEEEEEELLHHHHHHHHLL
/net/scratch/basantab/natives_renum/d3ec9a1_0001.pdb,LLLHHHHHHHHHHHHHLLLHHHHLLLEEEEEEEEELLLLLLLEEELLHHHHHHHHHHHHHHHEEEEEEEEEEEEEELLEEEEEEEEEEEELLLLLEEEEEEEEEEEEELLEEEEEEEEELHHHHHHHHLL
/net/scratch/basantab/natives_renum/d3ef8a1_0001.pdb,LHHHHHHHHHHHHHHHHHHHHHHHLLLHHHHHHHEEEEEEEEEELLEEEELHHHHHHHHLLHHHHEEEEEEEEEEEEEEEEELLEEEEEEEEEEEEEELLLLLLEEEEEEEEEEEEEELLEEEEEEEEEEEEEEELLLLLLLLELLLLL
/net/scratch/basantab/natives_renum/d3ejva1_0001.pdb,LLLHHHHHHHHHHHHHHHHHLLLHHHHHHHEEEEEEEEEEELHHHLLEEEEEEELHHHHHHHHHHLLLLLLLLEEEEEEEEEEEEEEELLEEEEEEEEEEEEEEELLLLLLLLLLLLLLLLEEEEEEEEEEEEEEEEEELLEEEEEEEEEEELLLLLLL
/net/scratch/basantab/natives_renum/d3en8a1_0001.pdb,LHHHHHHHHHHHHHHHHHHLLHHHHHLLEEEEEEEEELLLLEEEELHHHHHHHHHHLLLLLLEEEEEEEEEELLEEEEEEEEEELLEEEEEEEEEEEELLEEEEEEEEEELLLLLLHHHHHHLLLLL
/net/scratch/basantab/natives_renum/d3er7a1_0001.pdb,LHHHHHHHHHHHHHLLHHHHHHHHHHEEEEEEEEELLEEEELHHHHHHHHHHHHHLEEEEEEEELLLEELLLLLLEEEEEEEEEEELLLLEEEEEEEEEEEELLLLLEEEEEEEELLL
/net/scratch/basantab/natives_renum/d3fgya__0001.pdb,LLLLHHHHHHHHHHHHHHHLLLHHHHHHHEEEEEEEEELLLLLLLEEEEHHHHHHHHHHHHHHHEEEELLLLLEEEEELLEEEEEEEEEEEELLLLLEEEEEEEEEEEEELLEEEEEEEELLHHHHHHHLLLLLL
/net/scratch/basantab/natives_renum/d3fsda__0001.pdb,LLHHHHHHHHHHHHHHLLHHHHHHHEEEEEEEELLLLLEEEHHHHLHHHHLLLEEEEEEEEEEEEEEELLLLEEEEEEEEEEEEEELLEEEEEEEEEEEEEEEELLLLEEEEEEEEEEELL
/net/scratch/basantab/natives_renum/d3g8za__0001.pdb,LLHHHHHHHHHHHHHLLLHHHHHHHEEEEEEEEELLLLLLLEEEELHHHHHHHHHHHHHHLLLLLEEEEEEEEEEELLEEEEEEEEEEEELLEEEEEEEEEEEEEELLEEEEEEEEELLHHHHHHHHLL
/net/scratch/basantab/natives_renum/d3grda__0001.pdb,LLLLHHHHHHHHLLLLHHHHHHHHHHHEEEEEEEEELLLLLLLEEEELHHHHHHHHHHHHHHHEEEEEEEEEEEEELLLLLEEEEEEEEEEEELLLLLEEEEEEEEEEEEELLEEEEEEEEELHHHHHHHHLL
/net/scratch/basantab/natives_renum/d3mg3a2_0001.pdb,LLLLLLLLHHHLLLLLEELELLHHHHHHHHHHHLLLHHHHHHHEEEEEEEELLLLLLEELHHHHHHHHHHHLLLLEEEEEEEEEEELHHHLEEEEEEEEEELLLLHHHLLEEEEEEEEELLLLLEEEEEEEELLLHHHL
/net/scratch/basantab/natives_renum/d3owsa__0001.pdb,LLLLHHHHHHHHHHHHHHHHLLLHHHHHHHELLLLEELLLLLLLLEELHHHHHHHHHHHHLLLLLEEEELLLLEELLLLEEEEEEEEEEEELLEEEEEEEEEEEEELLLLLEEEEEEELLHHHEEELLL
/net/scratch/basantab/natives_renum/d3q90a__0001.pdb,LHHHHHHHHHHHHHHHHHHLHHHHHHHEEEEEEEELLLEEHHHHHHHHHHHHLLLLLEEEEEEEEEEELHHHLEEEEEEEEEELLLLLLEEEEEEEEEEELLLLLLLEEEEEEEEEELLLL
/net/scratch/basantab/natives_renum/d3qk9a__0001.pdb,LHHHHHHHHHLLLHHHHHHHHHLLLLLLLLLLLLLLLHHHHHHHHHHHHHHHHHHHHHLLHHHHHHHELHHHHHHHHHHHHHHHHHLEEELLEEEEEEEEEEEEEEELLLLLLEEEEEEEEEEEELEEEELLLLLLLEELLLLLEEEEEEEEEELLLLLLEEEEEEELLLLLLL
/net/scratch/basantab/natives_renum/d4akza__0001.pdb,LHHHHHHHHHHHHHHHHHHLELLLLHHHHHHHHHHLELHHHHHHHHHHHLLLLLHHHHHLLLEEEEEEEEEEEELLLLEEEEEEEEEEEELLLLLLLEEEEEEEEEEEEELLHHHLLLLHHHLLLLLEEEEEEEEEEL
/net/scratch/basantab/natives_renum/d4cdla__0001.pdb,LLLLHHHHHHHHHHHHHHHHHLLHHHHHHHEEEEEEELLLLLLLLEELHHHHHHHHHHHHLLLLLEEEELLLLEELLLLEEEEEEEEEEEELLEEEEEEEEEEEEELLLLLEEEEEEEEEELLLLL
/net/scratch/basantab/natives_renum/d4j8ta__0001.pdb,LLHHHHHHHHHHHHHLLLHHHHHHHEEEEEEEELLLLLLLLLLEEELHHHHHHHHHHHHHHEEEEEEEEEEELLLLLLEEEEEEEEEEEELLLLLEEEEEEEEEEEEELLEEEEEEEELLHHHHHLLL
/net/scratch/basantab/natives_renum/d4jf8a__0001.pdb,LLLLLLHHHHHHHHHHHHHHHHLELLLLHHHHHHHHHHLELHHHHHHHHHHHLLLLLHHHHHLLLEEEEEEEEEEEELLLLEEEEEEEEEEEELLLLELLLEEEEEEEEEEELLLLLLHHHHLLLLLLEEEEEEEEEELLLLLL
/net/scratch/basantab/natives_renum/d4kz1a__0001.pdb,LLHHHHHHHHHHHHHHHHLELHHHHHHHHHHHHHLELHHHHHHHHHHHLLLLLLLHHHHLLLLEEEEEEEEEEEEELLEEEEEEEEEEELLLLLEEEEEEEEEEEEEELLLLLLLLHHHLLLLLEEEEEEEEEEL
/net/scratch/basantab/natives_renum/d4lsoa__0001.pdb,LLLLLHHHHHHHHHHHHHHHHLELHHHHHHHHHHHHHLELHHHHHHHHHHHLLLLLLLHHHHLLLLEEEEEEEEEEEEELLEEEEEEEEEEELLLLLEEEEEEEEEEEEEELLLLLLHHHHHHLLLLEEEEEEEEEELLLL
/net/scratch/basantab/natives_renum/d4nhfa__0001.pdb,LLLLLLHHHHHHHHHHHHHHHHLELHHHHHHHHHHHHHLELHHHHHHHHHHHLLLLLHHHHHLLLEEEEEEEEEEEELLLLEEEEEEEEEEEELLLLELLLLEEEEEEEEEEELLLLLLHHHHHHLLLLEEEEEEEEEELLLLL
